,rouge1,rouge2,rouge3,WordLength,MaxCopy,id
0,0.43309859154929575,0.08865248226950354,0.017857142857142856,142.0,5.0,1.0
1,0.5100671140939598,0.14189189189189189,0.030612244897959183,149.0,10.0,2.0
2,0.45774647887323944,0.0673758865248227,0.007142857142857143,142.0,4.0,3.0
3,0.5559440559440559,0.2640845070422535,0.1879432624113475,143.0,18.0,4.0
4,0.48214285714285715,0.08558558558558559,0.022727272727272728,112.0,4.0,5.0
5,0.5536912751677853,0.16554054054054054,0.07142857142857142,149.0,11.0,6.0
6,0.4896551724137931,0.2013888888888889,0.14685314685314688,145.0,14.0,7.0
7,0.44755244755244755,0.06690140845070422,0.014184397163120567,143.0,7.0,8.0
8,0.5483870967741935,0.13114754098360654,0.041666666666666664,62.0,5.0,9.0
9,0.5448275862068965,0.1909722222222222,0.08391608391608392,145.0,21.0,10.0
10,0.5821917808219178,0.18055555555555555,0.09154929577464788,73.0,6.0,11.0
11,0.5084033613445378,0.1059322033898305,0.017094017094017096,119.0,13.0,12.0
12,0.5247524752475248,0.115,0.045454545454545456,101.0,13.0,13.0
13,0.5531914893617021,0.18928571428571428,0.11870503597122302,141.0,18.0,14.0
14,0.5,0.1171875,0.047244094488188976,129.0,8.0,15.0
15,0.41481481481481486,0.06716417910447761,0.011278195488721804,135.0,3.0,16.0
16,0.48175182481751827,0.1323529411764706,0.044444444444444446,137.0,16.0,17.0
17,0.5956521739130435,0.21929824561403508,0.1504424778761062,115.0,20.0,18.0
18,0.5238095238095237,0.09134615384615385,0.029126213592233007,105.0,5.0,19.0
19,0.5215827338129496,0.18115942028985507,0.09124087591240876,139.0,10.0,20.0
20,0.47959183673469385,0.11986301369863013,0.04482758620689655,147.0,12.0,21.0
21,0.45517241379310347,0.12152777777777778,0.04195804195804196,145.0,12.0,22.0
22,0.5263157894736842,0.1590909090909091,0.07251908396946564,133.0,13.0,23.0
23,0.4661016949152542,0.11965811965811966,0.05603448275862069,118.0,12.0,24.0
24,0.4456521739130435,0.1043956043956044,0.03888888888888889,92.0,4.0,25.0
25,0.5,0.19306930693069307,0.12,102.0,10.0,26.0
26,0.4292929292929293,0.07142857142857142,0.005154639175257732,99.0,5.0,27.0
27,0.6565656565656566,0.23979591836734693,0.13402061855670103,99.0,8.0,28.0
28,0.4894736842105263,0.10638297872340426,0.03763440860215054,95.0,11.0,29.0
29,0.5267857142857142,0.15315315315315314,0.08181818181818182,112.0,13.0,30.0
30,0.5392156862745098,0.19,0.02040816326530612,51.0,8.0,31.0
31,0.5848214285714286,0.1981981981981982,0.07727272727272727,112.0,5.0,32.0
32,0.5294117647058824,0.18316831683168316,0.125,102.0,11.0,33.0
33,0.4726027397260274,0.13103448275862067,0.0625,146.0,8.0,34.0
34,0.48046875,0.1889763779527559,0.09523809523809523,128.0,11.0,35.0
35,0.6158536585365854,0.1419753086419753,0.0375,82.0,5.0,36.0
36,0.4794520547945206,0.14482758620689656,0.04513888888888889,146.0,8.0,37.0
37,0.5273972602739726,0.2103448275862069,0.1527777777777778,146.0,17.0,38.0
38,0.4807692307692308,0.06310679611650485,0.014705882352941176,104.0,3.0,39.0
39,0.6521739130434783,0.2272727272727273,0.16666666666666666,23.0,10.0,40.0
40,0.40625,0.06293706293706294,0.014084507042253521,144.0,5.0,41.0
41,0.446969696969697,0.12213740458015267,0.046153846153846156,132.0,10.0,42.0
42,0.47019867549668876,0.12333333333333332,0.03691275167785235,151.0,7.0,43.0
43,0.45045045045045046,0.05909090909090909,0.009174311926605505,111.0,7.0,44.0
44,0.4645669291338583,0.12301587301587301,0.028,127.0,5.0,45.0
45,0.42905405405405406,0.05782312925170068,0.00684931506849315,148.0,13.0,46.0
46,0.4590909090909091,0.13761467889908258,0.032407407407407406,110.0,5.0,47.0
47,0.4,0.04430379746835443,0.0,80.0,4.0,48.0
48,0.48828125,0.11811023622047245,0.03968253968253968,128.0,5.0,49.0
49,0.463302752293578,0.041666666666666664,0.0,109.0,4.0,50.0
50,0.47058823529411764,0.07920792079207921,0.015,102.0,6.0,51.0
51,0.4731182795698925,0.059782608695652176,0.005494505494505495,93.0,9.0,52.0
52,0.5105633802816901,0.23404255319148937,0.17142857142857143,142.0,21.0,53.0
53,0.5673758865248226,0.26785714285714285,0.2158273381294964,141.0,23.0,54.0
54,0.41200000000000003,0.08467741935483872,0.04878048780487805,125.0,10.0,55.0
55,0.6467391304347826,0.3131868131868132,0.23888888888888887,92.0,11.0,56.0
56,0.5506756756756757,0.2891156462585034,0.22602739726027396,148.0,22.0,57.0
57,0.5579710144927537,0.2773722627737226,0.20588235294117646,138.0,17.0,58.0
58,0.5192307692307692,0.1699029126213592,0.11764705882352941,104.0,11.0,59.0
59,0.4330357142857143,0.11261261261261261,0.04090909090909091,112.0,7.0,60.0
60,0.5398230088495575,0.17857142857142855,0.09909909909909909,113.0,13.0,61.0
61,0.43506493506493504,0.09477124183006536,0.019736842105263157,154.0,8.0,62.0
62,0.5403225806451613,0.2032520325203252,0.1680327868852459,124.0,18.0,63.0
63,0.42546583850931674,0.11875,0.03459119496855346,161.0,8.0,64.0
64,0.5053191489361702,0.07526881720430108,0.021739130434782608,94.0,7.0,65.0
65,0.4597315436241611,0.125,0.05102040816326531,149.0,8.0,66.0
66,0.8074324324324325,0.6870748299319728,0.6404109589041096,148.0,21.0,67.0
67,0.4964788732394366,0.10992907801418439,0.02142857142857143,142.0,15.0,68.0
68,0.5986842105263158,0.3178807947019867,0.24,152.0,24.0,69.0
69,0.4724137931034483,0.10416666666666666,0.024475524475524476,145.0,4.0,70.0
70,0.5889830508474576,0.2136752136752137,0.11206896551724138,118.0,8.0,71.0
71,0.4318181818181818,0.05725190839694656,0.0038461538461538464,132.0,6.0,72.0
72,0.45683453237410077,0.14130434782608697,0.04744525547445255,139.0,7.0,73.0
73,0.5526315789473685,0.28807947019867547,0.2033333333333333,152.0,18.0,74.0
74,0.5833333333333334,0.20168067226890757,0.1059322033898305,120.0,16.0,75.0
75,0.4712230215827338,0.10507246376811594,0.032846715328467155,139.0,5.0,76.0
76,0.4888888888888889,0.11940298507462686,0.05639097744360902,135.0,12.0,77.0
77,0.43617021276595747,0.03260869565217391,0.0,47.0,4.0,78.0
78,0.460431654676259,0.09420289855072464,0.025547445255474453,139.0,9.0,79.0
79,0.5033783783783784,0.1598639455782313,0.10616438356164383,148.0,25.0,80.0
80,0.34962406015037595,0.06060606060606061,0.011450381679389313,133.0,3.0,81.0
81,0.5043103448275862,0.07391304347826087,0.013157894736842105,116.0,5.0,82.0
82,0.5654205607476634,0.2028301886792453,0.10476190476190476,107.0,11.0,83.0
83,0.5083333333333333,0.13445378151260504,0.05084745762711865,120.0,6.0,84.0
84,0.5105263157894737,0.0851063829787234,0.021505376344086023,95.0,6.0,85.0
85,0.5841584158415842,0.2,0.15656565656565657,101.0,12.0,86.0
86,0.5079365079365079,0.04032258064516129,0.00819672131147541,63.0,13.0,87.0
87,0.5427350427350428,0.11206896551724138,0.034782608695652174,117.0,13.0,88.0
88,0.5729166666666667,0.23157894736842105,0.11702127659574468,96.0,13.0,89.0
89,0.5111111111111111,0.19101123595505617,0.11931818181818182,90.0,14.0,90.0
90,0.4746376811594203,0.12408759124087591,0.07720588235294118,138.0,13.0,91.0
91,0.39805825242718446,0.1073170731707317,0.04901960784313726,206.0,11.0,92.0
92,0.5279503105590062,0.1875,0.0660377358490566,161.0,9.0,93.0
93,0.48305084745762716,0.14529914529914528,0.09482758620689655,118.0,10.0,94.0
94,0.5384615384615385,0.2248062015503876,0.140625,130.0,11.0,95.0
95,0.41836734693877553,0.07534246575342465,0.013793103448275862,147.0,13.0,96.0
96,0.4342105263157895,0.09292035398230089,0.017857142857142856,114.0,3.0,97.0
97,0.6458333333333334,0.33098591549295775,0.24285714285714285,72.0,20.0,98.0
98,0.5652173913043479,0.25274725274725274,0.18888888888888888,92.0,11.0,99.0
99,0.5039370078740157,0.16269841269841268,0.092,127.0,13.0,100.0
100,0.40800000000000003,0.06451612903225806,0.024390243902439025,125.0,10.0,101.0
101,0.8321167883211679,0.7022058823529411,0.6518518518518519,137.0,13.0,102.0
102,0.45544554455445546,0.08,0.030303030303030304,101.0,5.0,103.0
103,0.45588235294117646,0.06435643564356436,0.01,102.0,3.0,104.0
104,0.5330882352941176,0.15185185185185185,0.05223880597014925,136.0,9.0,105.0
105,0.4574468085106383,0.10714285714285714,0.050359712230215826,141.0,6.0,106.0
106,0.5673076923076923,0.13106796116504854,0.049019607843137254,104.0,7.0,107.0
107,0.5196850393700787,0.11904761904761904,0.04,127.0,7.0,108.0
108,0.504424778761062,0.11607142857142858,0.018018018018018018,113.0,5.0,109.0
109,0.460431654676259,0.09057971014492754,0.025547445255474453,139.0,11.0,110.0
110,0.46946564885496184,0.07307692307692308,0.011627906976744186,131.0,4.0,111.0
111,0.5625,0.15748031496062992,0.07539682539682539,128.0,7.0,112.0
112,0.39682539682539686,0.132,0.05241935483870967,126.0,5.0,113.0
113,0.5321100917431192,0.25462962962962965,0.21028037383177567,109.0,19.0,114.0
114,0.36231884057971014,0.029197080291970802,0.0,138.0,4.0,115.0
115,0.45408163265306123,0.05154639175257732,0.005208333333333333,98.0,3.0,116.0
116,0.5349999999999999,0.21717171717171718,0.15816326530612243,100.0,13.0,117.0
117,0.6726190476190477,0.3012048192771084,0.23170731707317074,84.0,11.0,118.0
118,0.4879518072289156,0.12727272727272726,0.06707317073170732,166.0,13.0,119.0
119,0.4208860759493671,0.0732484076433121,0.016025641025641024,158.0,16.0,120.0
120,0.5206896551724138,0.22569444444444445,0.17482517482517484,145.0,12.0,121.0
121,0.46616541353383456,0.07575757575757575,0.015267175572519083,133.0,9.0,122.0
122,0.3969465648854962,0.06538461538461539,0.015503875968992248,131.0,10.0,123.0
123,0.4724137931034483,0.1840277777777778,0.07692307692307693,145.0,9.0,124.0
124,0.595,0.23232323232323232,0.17346938775510204,100.0,17.0,125.0
125,0.5282258064516129,0.1869918699186992,0.11475409836065573,124.0,12.0,126.0
126,0.5107913669064748,0.27898550724637683,0.1897810218978102,139.0,10.0,127.0
127,0.3971631205673759,0.06785714285714287,0.025179856115107917,141.0,6.0,128.0
128,0.43609022556390975,0.0946969696969697,0.011450381679389313,133.0,8.0,129.0
129,0.4740740740740741,0.1492537313432836,0.07518796992481203,135.0,7.0,130.0
130,0.4492753623188406,0.09854014598540145,0.025735294117647058,138.0,5.0,131.0
131,0.48214285714285715,0.06474820143884892,0.014492753623188406,140.0,5.0,132.0
132,0.4961832061068702,0.1,0.04263565891472868,131.0,8.0,133.0
133,0.5126050420168067,0.1016949152542373,0.04700854700854701,119.0,12.0,134.0
134,0.43703703703703706,0.05597014925373134,0.0037593984962406013,135.0,25.0,135.0
135,0.5929203539823009,0.25,0.18018018018018017,113.0,13.0,136.0
136,0.5343137254901961,0.13861386138613863,0.045,102.0,4.0,137.0
137,0.48214285714285715,0.18468468468468469,0.12727272727272726,112.0,12.0,138.0
138,0.4881889763779528,0.15873015873015872,0.08,127.0,12.0,139.0
139,0.575268817204301,0.2934782608695652,0.23626373626373626,93.0,13.0,140.0
140,0.5198675496688742,0.19666666666666668,0.1308724832214765,151.0,13.0,141.0
141,0.545045045045045,0.17727272727272728,0.08256880733944955,111.0,13.0,142.0
142,0.5808823529411764,0.2074074074074074,0.12686567164179105,136.0,10.0,143.0
143,0.4418604651162791,0.011764705882352941,0.0,86.0,12.0,144.0
144,0.5708661417322834,0.1746031746031746,0.076,127.0,8.0,145.0
145,0.594017094017094,0.25,0.15652173913043477,117.0,11.0,146.0
146,0.44957983193277307,0.1059322033898305,0.05128205128205128,119.0,7.0,147.0
147,0.4797297297297297,0.17687074829931973,0.11643835616438356,148.0,13.0,148.0
148,0.5,0.1267605633802817,0.07092198581560283,143.0,14.0,149.0
149,0.5596330275229358,0.28703703703703703,0.2289719626168224,109.0,24.0,150.0
150,0.5545454545454546,0.35365853658536583,0.2822085889570552,165.0,24.0,151.0
151,0.46785714285714286,0.11151079136690648,0.04710144927536232,140.0,12.0,152.0
152,0.5054347826086957,0.09890109890109891,0.022222222222222223,92.0,12.0,153.0
153,0.493006993006993,0.11971830985915494,0.03900709219858156,143.0,4.0,154.0
154,0.6818181818181819,0.3877551020408163,0.29381443298969073,99.0,19.0,155.0
155,0.3896551724137931,0.05555555555555556,0.017482517482517484,145.0,6.0,156.0
156,0.5125786163522013,0.23417721518987342,0.16878980891719744,159.0,36.0,157.0
157,0.6033057851239669,0.275,0.15546218487394958,121.0,13.0,158.0
158,0.5241379310344827,0.2013888888888889,0.15034965034965037,145.0,23.0,159.0
159,0.4575163398692811,0.14473684210526316,0.07947019867549668,153.0,13.0,160.0
160,0.5579268292682926,0.2607361963190184,0.1728395061728395,164.0,19.0,161.0
161,0.397887323943662,0.07801418439716312,0.03571428571428571,142.0,41.0,162.0
162,0.5183823529411765,0.11851851851851852,0.022388059701492536,136.0,8.0,163.0
163,0.4655172413793104,0.2277227722772277,0.1417910447761194,203.0,23.0,164.0
164,0.46846846846846846,0.06818181818181818,0.01834862385321101,111.0,10.0,165.0
165,0.4496124031007752,0.09375,0.04330708661417323,129.0,13.0,166.0
166,0.4666666666666667,0.1092436974789916,0.029661016949152543,120.0,13.0,167.0
167,0.45149253731343286,0.09022556390977443,0.030303030303030304,134.0,6.0,168.0
168,0.4642857142857143,0.07207207207207207,0.00909090909090909,112.0,6.0,169.0
169,0.4816176470588235,0.13333333333333333,0.07835820895522388,136.0,9.0,170.0
170,0.45508982035928147,0.14457831325301204,0.09393939393939393,167.0,11.0,171.0
171,0.4548872180451128,0.11742424242424243,0.03435114503816794,133.0,8.0,172.0
172,0.5,0.16793893129770993,0.06153846153846154,132.0,4.0,173.0
173,0.5982142857142858,0.38738738738738737,0.3136363636363636,112.0,24.0,174.0
174,0.6504854368932038,0.38235294117647056,0.27722772277227725,103.0,13.0,175.0
175,0.5209790209790209,0.2323943661971831,0.13829787234042554,143.0,14.0,176.0
176,0.41304347826086957,0.16875,0.10377358490566038,161.0,14.0,177.0
177,0.4959677419354839,0.21544715447154472,0.14754098360655737,124.0,12.0,178.0
178,0.4671052631578947,0.16556291390728478,0.08666666666666667,152.0,11.0,179.0
179,0.5604026845637584,0.2533783783783784,0.19047619047619047,149.0,21.0,180.0
180,0.5436507936507937,0.244,0.14516129032258066,126.0,18.0,181.0
181,0.5695364238410596,0.37666666666666665,0.33221476510067116,151.0,23.0,182.0
182,0.5547945205479452,0.2482758620689655,0.1875,146.0,23.0,183.0
183,0.3732394366197183,0.04609929078014184,0.017857142857142856,142.0,16.0,184.0
184,0.4233576642335767,0.0625,0.02222222222222222,137.0,13.0,185.0
185,0.4423076923076923,0.08139534883720931,0.015625,130.0,13.0,186.0
186,0.4803921568627451,0.1782178217821782,0.155,102.0,14.0,187.0
187,0.5263157894736843,0.1504424778761062,0.0625,114.0,8.0,188.0
188,0.426056338028169,0.07446808510638298,0.017857142857142856,142.0,8.0,189.0
189,0.44808743169398907,0.20604395604395603,0.15469613259668508,183.0,13.0,190.0
190,0.47787610619469023,0.10267857142857142,0.031531531531531536,113.0,9.0,191.0
191,0.5265151515151516,0.1564885496183206,0.07307692307692308,132.0,10.0,192.0
192,0.405982905982906,0.125,0.04782608695652174,117.0,9.0,193.0
193,0.47272727272727266,0.0871559633027523,0.037037037037037035,110.0,6.0,194.0
194,0.5285714285714286,0.09134615384615385,0.019417475728155338,105.0,3.0,195.0
195,0.4067796610169492,0.0811965811965812,0.030172413793103446,118.0,6.0,196.0
196,0.4653846153846154,0.12403100775193798,0.04296875,130.0,4.0,197.0
197,0.4807692307692308,0.11627906976744186,0.0390625,130.0,7.0,198.0
198,0.48636363636363633,0.07339449541284404,0.018518518518518517,110.0,6.0,199.0
199,0.4909090909090909,0.125,0.03987730061349694,165.0,7.0,200.0
200,0.5337837837837838,0.282312925170068,0.2226027397260274,148.0,16.0,201.0
201,0.4671052631578947,0.052980132450331126,0.01,152.0,7.0,202.0
202,0.5204918032786885,0.10330578512396695,0.03333333333333333,122.0,6.0,203.0
203,0.5,0.18518518518518517,0.1082089552238806,136.0,13.0,204.0
204,0.5255102040816326,0.13402061855670103,0.078125,98.0,13.0,205.0
205,0.46568627450980393,0.07425742574257427,0.015,102.0,3.0,206.0
206,0.41304347826086957,0.040145985401459854,0.003676470588235294,138.0,4.0,207.0
207,0.5423076923076923,0.2131782945736434,0.10546875,130.0,9.0,208.0
208,0.4064327485380117,0.09411764705882353,0.029585798816568046,171.0,6.0,209.0
209,0.42105263157894735,0.05851063829787234,0.005376344086021506,95.0,3.0,210.0
210,0.5786516853932584,0.20454545454545453,0.06321839080459771,89.0,5.0,211.0
211,0.4083969465648855,0.038461538461538464,0.007751937984496124,131.0,5.0,212.0
212,0.3621621621621622,0.048913043478260865,0.01366120218579235,185.0,13.0,213.0
213,0.5294117647058824,0.1488095238095238,0.11445783132530121,85.0,13.0,214.0
214,0.4722222222222222,0.128,0.03629032258064516,126.0,8.0,215.0
215,0.47986577181208057,0.10472972972972974,0.027210884353741496,149.0,8.0,216.0
216,0.588235294117647,0.25742574257425743,0.18,102.0,12.0,217.0
217,0.5528455284552846,0.180327868852459,0.08677685950413223,123.0,3.0,218.0
218,0.535,0.14646464646464646,0.10204081632653061,100.0,11.0,219.0
219,0.485,0.0808080808080808,0.01020408163265306,100.0,4.0,220.0
220,0.4453125,0.08661417322834646,0.015873015873015872,128.0,8.0,221.0
221,0.4896907216494845,0.046875,0.010526315789473684,97.0,3.0,222.0
222,0.5878378378378378,0.10273972602739725,0.020833333333333332,74.0,8.0,223.0
223,0.5074626865671642,0.11363636363636365,0.023076923076923078,67.0,3.0,224.0
224,0.41666666666666663,0.05056179775280899,0.0,90.0,4.0,225.0
225,0.6574074074074074,0.37850467289719625,0.2783018867924528,108.0,12.0,226.0
226,0.4935064935064935,0.16993464052287582,0.08552631578947369,154.0,7.0,227.0
227,0.4915966386554622,0.11016949152542373,0.038461538461538464,119.0,9.0,228.0
228,0.5342465753424658,0.06944444444444445,0.014084507042253521,73.0,11.0,229.0
229,0.5308641975308641,0.19375,0.1329113924050633,81.0,9.0,230.0
230,0.4867549668874172,0.16,0.07718120805369127,151.0,6.0,231.0
231,0.5343137254901962,0.11386138613861387,0.025,102.0,8.0,232.0
232,0.48958333333333337,0.06382978723404255,0.021739130434782608,48.0,3.0,233.0
233,0.5461538461538462,0.1796875,0.047619047619047616,65.0,5.0,234.0
234,0.39903846153846156,0.04854368932038835,0.004901960784313725,104.0,3.0,235.0
235,0.5157894736842106,0.10106382978723405,0.026881720430107527,95.0,3.0,236.0
236,0.4798387096774194,0.10569105691056911,0.020491803278688527,124.0,6.0,237.0
237,0.6513761467889909,0.2638888888888889,0.12149532710280372,109.0,16.0,238.0
238,0.6166666666666667,0.2584269662921348,0.18181818181818182,90.0,11.0,239.0
239,0.5606060606060606,0.10714285714285715,0.020618556701030927,99.0,8.0,240.0
240,0.5602836879432624,0.325,0.27338129496402874,141.0,34.0,241.0
241,0.46116504854368934,0.11274509803921569,0.009900990099009901,103.0,6.0,242.0
242,0.5434782608695652,0.15384615384615385,0.05,92.0,6.0,243.0
243,0.4444444444444444,0.07547169811320756,0.028846153846153848,54.0,5.0,244.0
244,0.49642857142857144,0.12230215827338128,0.05434782608695652,140.0,11.0,245.0
245,0.5683760683760684,0.23706896551724138,0.17391304347826086,117.0,12.0,246.0
246,0.6039603960396039,0.2,0.12121212121212122,101.0,12.0,247.0
247,0.4666666666666667,0.1082089552238806,0.03383458646616541,135.0,5.0,248.0
248,0.4411764705882353,0.05952380952380952,0.012048192771084338,85.0,6.0,249.0
249,0.5212765957446808,0.12857142857142856,0.02877697841726619,141.0,7.0,250.0
250,0.6057692307692308,0.2669902912621359,0.18137254901960786,104.0,13.0,251.0
251,0.532,0.1814516129032258,0.10569105691056911,125.0,13.0,252.0
252,0.5481927710843373,0.12195121951219512,0.043209876543209874,83.0,8.0,253.0
253,0.41666666666666663,0.04216867469879518,0.0,84.0,6.0,254.0
254,0.6886792452830188,0.2692307692307693,0.19607843137254902,53.0,10.0,255.0
255,0.5508474576271187,0.1810344827586207,0.09649122807017543,59.0,5.0,256.0
256,0.5555555555555556,0.14084507042253522,0.05714285714285714,72.0,6.0,257.0
257,0.6041666666666667,0.05319148936170213,0.0,48.0,3.0,258.0
258,0.20535714285714285,0.00909090909090909,0.0,56.0,2.0,259.0
259,0.5,0.09836065573770492,0.03333333333333333,62.0,5.0,260.0
260,0.39655172413793105,0.06521739130434782,0.02631578947368421,116.0,15.0,261.0
261,0.6153846153846154,0.3058252427184466,0.18627450980392157,104.0,8.0,262.0
262,0.5,0.1532258064516129,0.06910569105691057,125.0,7.0,263.0
263,0.4957627118644068,0.09401709401709402,0.02586206896551724,118.0,7.0,264.0
264,0.5037593984962405,0.16287878787878787,0.0801526717557252,133.0,12.0,265.0
265,0.4955357142857143,0.09009009009009009,0.004545454545454545,112.0,4.0,266.0
266,0.5648148148148149,0.2803738317757009,0.20754716981132076,108.0,24.0,267.0
267,0.4725274725274725,0.05555555555555555,0.011235955056179775,91.0,11.0,268.0
268,0.4857142857142857,0.08173076923076923,0.014563106796116504,105.0,4.0,269.0
269,0.5707070707070707,0.17346938775510204,0.11855670103092783,99.0,10.0,270.0
270,0.5,0.11666666666666667,0.04201680672268908,121.0,5.0,271.0
271,0.5229357798165137,0.13425925925925924,0.056074766355140186,109.0,6.0,272.0
272,0.6239316239316239,0.39224137931034486,0.32608695652173914,117.0,23.0,273.0
273,0.4326923076923077,0.09223300970873786,0.03431372549019608,104.0,5.0,274.0
274,0.4475806451612903,0.09349593495934959,0.01639344262295082,124.0,5.0,275.0
275,0.3515625,0.031746031746031744,0.0,64.0,7.0,276.0
276,0.44573643410852715,0.09375,0.023622047244094488,129.0,6.0,277.0
277,0.4861111111111111,0.06542056074766354,0.023584905660377357,108.0,5.0,278.0
278,0.43430656934306566,0.11397058823529412,0.040740740740740744,137.0,5.0,279.0
279,0.5129310344827587,0.1782608695652174,0.10526315789473684,116.0,13.0,280.0
280,0.41414141414141414,0.10204081632653061,0.03608247422680412,99.0,3.0,281.0
281,0.49337748344370863,0.13333333333333333,0.05704697986577181,151.0,7.0,282.0
282,0.4017094017094017,0.05603448275862069,0.008695652173913044,117.0,5.0,283.0
283,0.42857142857142855,0.076,0.016129032258064516,126.0,7.0,284.0
284,0.53125,0.10759493670886076,0.03205128205128205,80.0,5.0,285.0
285,0.5506329113924051,0.10256410256410256,0.03246753246753247,79.0,8.0,286.0
286,0.4664429530201343,0.13513513513513514,0.05782312925170068,149.0,13.0,287.0
287,0.5413223140495868,0.2125,0.12605042016806722,121.0,11.0,288.0
288,0.5154639175257731,0.20833333333333334,0.1473684210526316,97.0,15.0,289.0
289,0.4956140350877193,0.0663716814159292,0.017857142857142856,114.0,11.0,290.0
290,0.5607476635514018,0.14150943396226415,0.052380952380952375,107.0,6.0,291.0
291,0.5442477876106195,0.1607142857142857,0.08558558558558559,113.0,9.0,292.0
292,0.46808510638297873,0.11827956989247312,0.05434782608695652,94.0,9.0,293.0
293,0.4407894736842105,0.05629139072847682,0.006666666666666667,152.0,4.0,294.0
294,0.4844961240310077,0.1484375,0.06299212598425197,129.0,12.0,295.0
295,0.5038461538461538,0.13953488372093023,0.02734375,130.0,3.0,296.0
296,0.5198019801980198,0.195,0.1414141414141414,101.0,11.0,297.0
297,0.5982142857142858,0.15454545454545454,0.05555555555555555,56.0,4.0,298.0
298,0.1875,0.0,0.0,16.0,1.0,299.0
299,0.4734513274336283,0.08035714285714286,0.0045045045045045045,113.0,4.0,300.0
300,0.2222222222222222,0.0,0.0,18.0,1.0,301.0
301,0.5673076923076923,0.22330097087378642,0.14215686274509803,104.0,13.0,302.0
302,0.29166666666666663,0.0,0.0,12.0,2.0,303.0
303,0.5045045045045045,0.15,0.08256880733944955,111.0,7.0,304.0
304,0.5096153846153846,0.0970873786407767,0.029411764705882353,104.0,5.0,305.0
305,0.496,0.14919354838709678,0.08943089430894309,125.0,13.0,306.0
306,0.47916666666666663,0.11764705882352941,0.038135593220338986,120.0,12.0,307.0
307,0.7538461538461538,0.265625,0.11904761904761904,65.0,5.0,308.0
308,0.5357142857142857,0.05454545454545454,0.0,56.0,3.0,309.0
309,0.48031496062992124,0.16269841269841268,0.11599999999999999,127.0,18.0,310.0
310,0.45625,0.13924050632911392,0.08333333333333334,80.0,5.0,311.0
311,0.6791044776119404,0.25757575757575757,0.15384615384615385,67.0,10.0,312.0
312,0.6,0.171875,0.09523809523809523,65.0,8.0,313.0
313,0.5058139534883721,0.08823529411764705,0.03571428571428571,86.0,5.0,314.0
314,0.6156716417910448,0.37969924812030076,0.3068181818181818,134.0,19.0,315.0
315,0.5117647058823529,0.15476190476190477,0.04819277108433735,85.0,4.0,316.0
316,0.6619047619047619,0.3653846153846154,0.2766990291262136,105.0,19.0,317.0
317,0.7272727272727273,0.29605263157894735,0.15333333333333332,77.0,7.0,318.0
318,0.6615384615384615,0.234375,0.14285714285714285,65.0,10.0,319.0
319,0.4797297297297297,0.1780821917808219,0.1111111111111111,74.0,15.0,320.0
320,0.4811320754716981,0.10476190476190476,0.03365384615384616,106.0,6.0,321.0
321,0.5954545454545455,0.1926605504587156,0.09722222222222221,110.0,7.0,322.0
322,0.3894736842105263,0.02659574468085106,0.0,95.0,6.0,323.0
323,0.5072463768115942,0.09558823529411764,0.007462686567164179,69.0,7.0,324.0
324,0.47761194029850745,0.05303030303030303,0.0,67.0,6.0,325.0
325,0.5297029702970297,0.09,0.015151515151515152,101.0,4.0,326.0
326,0.6168831168831168,0.14473684210526316,0.06666666666666667,77.0,4.0,327.0
327,0.483739837398374,0.18032786885245902,0.12809917355371903,123.0,11.0,328.0
328,0.47058823529411764,0.09322033898305085,0.03418803418803419,119.0,5.0,329.0
329,0.5806451612903226,0.0901639344262295,0.03333333333333333,62.0,9.0,330.0
330,0.4532710280373832,0.09905660377358491,0.0380952380952381,107.0,9.0,331.0
331,0.5700000000000001,0.19191919191919193,0.10714285714285715,100.0,6.0,332.0
332,0.508130081300813,0.1557377049180328,0.06611570247933884,123.0,7.0,333.0
333,0.45604395604395603,0.07222222222222222,0.011235955056179775,91.0,3.0,334.0
334,0.3846153846153846,0.050387596899224806,0.00390625,130.0,5.0,335.0
335,0.4772727272727273,0.09541984732824427,0.03076923076923077,132.0,10.0,336.0
336,0.4943181818181818,0.06896551724137931,0.011627906976744186,88.0,4.0,337.0
337,0.4518072289156626,0.10975609756097561,0.024691358024691357,83.0,4.0,338.0
338,0.6138613861386139,0.16999999999999998,0.045454545454545456,101.0,4.0,339.0
339,0.4464285714285714,0.04819277108433735,0.006097560975609756,84.0,5.0,340.0
340,0.4590163934426229,0.09166666666666667,0.0423728813559322,61.0,14.0,341.0
341,0.4130434782608695,0.022222222222222223,0.0,46.0,12.0,342.0
342,0.8214285714285714,0.5609756097560976,0.45,42.0,12.0,343.0
343,0.48837209302325585,0.23828125,0.18503937007874016,129.0,21.0,344.0
344,0.4534883720930233,0.11764705882352941,0.041666666666666664,86.0,5.0,345.0
345,0.532258064516129,0.09836065573770492,0.03333333333333333,62.0,12.0,346.0
346,0.5390625,0.06349206349206349,0.0,64.0,5.0,347.0
347,0.5392156862745099,0.17,0.0510204081632653,51.0,7.0,348.0
348,0.4880952380952381,0.04878048780487805,0.0,42.0,3.0,349.0
349,0.5543478260869565,0.18888888888888888,0.10227272727272727,46.0,4.0,350.0
350,0.3560606060606061,0.05725190839694656,0.011538461538461539,132.0,4.0,351.0
351,0.48936170212765956,0.05434782608695652,0.0,47.0,3.0,352.0
352,0.5816326530612245,0.0625,0.0,49.0,5.0,353.0
353,0.29891304347826086,0.02197802197802198,0.0,92.0,4.0,354.0
354,0.625,0.16666666666666666,0.07142857142857142,16.0,3.0,355.0
355,0.0,0.0,0.0,2.0,0.0,356.0
356,0.30851063829787234,0.010869565217391304,0.0,47.0,2.0,357.0
357,0.375,0.05555555555555555,0.0,28.0,2.0,358.0
358,0.5608108108108107,0.136986301369863,0.05555555555555555,74.0,13.0,359.0
359,0.5378151260504201,0.2542372881355932,0.18376068376068377,119.0,14.0,360.0
360,0.603448275862069,0.22807017543859648,0.125,58.0,9.0,361.0
361,0.5714285714285714,0.13513513513513514,0.05909090909090909,112.0,6.0,362.0
362,0.5263157894736842,0.23333333333333334,0.16216216216216217,76.0,16.0,363.0
363,0.52,0.0510204081632653,0.0,50.0,3.0,364.0
364,0.5465116279069767,0.023809523809523808,0.0,43.0,3.0,365.0
365,0.46739130434782605,0.14285714285714285,0.07222222222222222,92.0,5.0,366.0
366,0.5075757575757576,0.08461538461538462,0.0234375,66.0,5.0,367.0
367,0.4950980392156863,0.09900990099009901,0.049999999999999996,102.0,11.0,368.0
368,0.461864406779661,0.13675213675213677,0.07758620689655173,118.0,4.0,369.0
369,0.5833333333333333,0.2627118644067797,0.1896551724137931,60.0,9.0,370.0
370,0.4124087591240876,0.058823529411764705,0.018518518518518517,137.0,15.0,371.0
371,0.5080645161290323,0.1056910569105691,0.020491803278688527,124.0,5.0,372.0
372,0.49479166666666663,0.12105263157894736,0.02127659574468085,96.0,9.0,373.0
373,0.46153846153846156,0.0625,0.007936507936507936,65.0,2.0,374.0
374,0.5185185185185186,0.09433962264150944,0.009615384615384616,54.0,11.0,375.0
375,0.45,0.0,0.0,20.0,2.0,376.0
376,0.42452830188679247,0.038461538461538464,0.0,53.0,13.0,377.0
377,0.5135135135135135,0.09090909090909091,0.01834862385321101,111.0,6.0,378.0
378,0.5086206896551724,0.11403508771929824,0.0625,58.0,6.0,379.0
379,0.46308724832214765,0.14527027027027029,0.0782312925170068,149.0,11.0,380.0
380,0.4015151515151515,0.038461538461538464,0.0,66.0,3.0,381.0
381,0.4959016393442623,0.09917355371900827,0.05416666666666667,122.0,10.0,382.0
382,0.4398148148148148,0.08411214953271028,0.02830188679245283,108.0,4.0,383.0
383,0.4182692307692308,0.04854368932038835,0.0,104.0,6.0,384.0
384,0.5701754385964912,0.125,0.045454545454545456,57.0,8.0,385.0
385,0.5258620689655172,0.12280701754385964,0.03571428571428571,58.0,4.0,386.0
386,0.5514705882352942,0.16417910447761194,0.06818181818181818,68.0,5.0,387.0
387,0.44256756756756754,0.16666666666666669,0.0958904109589041,148.0,10.0,388.0
388,0.4925373134328358,0.10150375939849623,0.030303030303030304,134.0,4.0,389.0
389,0.5265957446808511,0.11290322580645161,0.03804347826086957,94.0,6.0,390.0
390,0.49295774647887325,0.05714285714285714,0.007246376811594203,71.0,3.0,391.0
391,0.46511627906976744,0.125,0.0826771653543307,129.0,14.0,392.0
392,0.4722222222222222,0.15034965034965037,0.0528169014084507,144.0,11.0,393.0
393,0.475609756097561,0.19672131147540983,0.15289256198347106,123.0,16.0,394.0
394,0.5306122448979592,0.15625,0.031914893617021274,49.0,4.0,395.0
395,0.4626865671641791,0.09090909090909091,0.038461538461538464,67.0,3.0,396.0
396,0.532258064516129,0.13114754098360656,0.049999999999999996,62.0,7.0,397.0
397,0.4666666666666667,0.09090909090909091,0.0,45.0,3.0,398.0
398,0.4850746268656716,0.1590909090909091,0.1,67.0,8.0,399.0
399,0.5547945205479452,0.2013888888888889,0.11971830985915494,73.0,11.0,400.0
400,0.5042735042735043,0.15517241379310345,0.05217391304347826,117.0,12.0,401.0
401,0.7126436781609196,0.36627906976744184,0.24705882352941178,87.0,12.0,402.0
402,0.4230769230769231,0.011111111111111112,0.0,91.0,8.0,403.0
403,0.5,0.25,0.2164179104477612,69.0,11.0,404.0
404,0.5,0.029411764705882353,0.0,18.0,13.0,405.0
405,0.6415094339622641,0.25,0.10784313725490197,53.0,6.0,406.0
406,0.5461538461538462,0.1796875,0.1111111111111111,65.0,9.0,407.0
407,0.30000000000000004,0.0,0.0,5.0,1.0,408.0
408,0.37341772151898733,0.019230769230769232,0.0,79.0,2.0,409.0
409,0.5481927710843373,0.18292682926829268,0.11728395061728394,83.0,17.0,410.0
410,0.5,0.12068965517241378,0.0,59.0,2.0,411.0
411,0.40384615384615385,0.0,0.0,26.0,1.0,412.0
412,0.5073529411764706,0.08955223880597014,0.030303030303030304,68.0,6.0,413.0
413,0.0,0.0,0.0,4.0,0.0,414.0
414,0.6666666666666666,0.25,0.07142857142857142,9.0,3.0,415.0
415,0.48717948717948717,0.05263157894736842,0.0,39.0,17.0,416.0
416,0.5344827586206897,0.08928571428571427,0.018518518518518517,29.0,6.0,417.0
417,0.5730337078651686,0.1590909090909091,0.06321839080459771,89.0,8.0,418.0
418,0.20833333333333331,0.0,0.0,12.0,1.0,419.0
419,0.6149425287356323,0.2674418604651163,0.21176470588235297,87.0,16.0,420.0
420,0.5,0.0,0.0,19.0,5.0,421.0
421,0.55,0.02631578947368421,0.0,20.0,2.0,422.0
422,0.55,0.1956521739130435,0.09558823529411764,70.0,7.0,423.0
423,0.42473118279569894,0.059782608695652176,0.005494505494505495,93.0,4.0,424.0
424,0.4358974358974359,0.05263157894736842,0.0,39.0,2.0,425.0
425,0.5084745762711864,0.038461538461538464,0.008620689655172414,118.0,3.0,426.0
426,0.5807692307692307,0.2713178294573644,0.1953125,130.0,9.0,427.0
427,0.4914529914529915,0.11206896551724138,0.017391304347826087,117.0,4.0,428.0
428,0.5123456790123457,0.16875,0.10759493670886075,81.0,8.0,429.0
429,0.5620437956204379,0.28308823529411764,0.23703703703703702,137.0,20.0,430.0
430,0.4637096774193548,0.08943089430894309,0.036885245901639344,124.0,6.0,431.0
431,0.5769230769230769,0.2596899224806202,0.19140625,130.0,24.0,432.0
432,0.5630252100840336,0.2330508474576271,0.16666666666666666,119.0,12.0,433.0
433,0.5204918032786885,0.12396694214876033,0.05,122.0,6.0,434.0
434,0.5168539325842697,0.1590909090909091,0.09770114942528735,89.0,6.0,435.0
435,0.6014492753623188,0.18382352941176472,0.08208955223880597,69.0,9.0,436.0
436,0.41379310344827586,0.017857142857142856,0.0,29.0,2.0,437.0
437,0.5,0.05660377358490566,0.0,54.0,5.0,438.0
438,0.5185185185185185,0.15000000000000002,0.04430379746835443,81.0,11.0,439.0
439,0.5843373493975903,0.28658536585365857,0.16049382716049382,83.0,8.0,440.0
440,0.5301204819277108,0.20121951219512196,0.12345679012345678,83.0,15.0,441.0
441,0.41954022988505746,0.046511627906976744,0.011764705882352941,87.0,11.0,442.0
442,0.4523809523809524,0.10843373493975904,0.054878048780487805,84.0,10.0,443.0
443,0.44680851063829785,0.06451612903225806,0.016304347826086956,94.0,3.0,444.0
444,0.5097087378640777,0.14705882352941177,0.05940594059405941,103.0,4.0,445.0
445,0.3909090909090909,0.037037037037037035,0.0,55.0,11.0,446.0
446,0.4907407407407407,0.02830188679245283,0.0,54.0,4.0,447.0
447,0.4159663865546218,0.03813559322033898,0.004273504273504274,119.0,3.0,448.0
448,0.5217391304347826,0.2368421052631579,0.16371681415929204,115.0,19.0,449.0
449,0.5084745762711864,0.0603448275862069,0.0,59.0,3.0,450.0
450,0.44166666666666665,0.10084033613445378,0.029661016949152543,120.0,5.0,451.0
451,0.5808080808080808,0.20918367346938777,0.14432989690721648,99.0,12.0,452.0
452,0.44339622641509435,0.05238095238095238,0.0,106.0,7.0,453.0
453,0.2978723404255319,0.03763440860215054,0.005434782608695652,94.0,3.0,454.0
454,0.6403508771929824,0.27876106194690264,0.16517857142857142,114.0,9.0,455.0
455,0.6041666666666667,0.176056338028169,0.04285714285714286,72.0,5.0,456.0
456,0.5133333333333333,0.10135135135135136,0.0273972602739726,75.0,3.0,457.0
457,0.5105263157894737,0.11170212765957446,0.02688172043010753,95.0,11.0,458.0
458,0.5725806451612904,0.1885245901639344,0.13333333333333333,62.0,10.0,459.0
459,0.4492753623188406,0.11764705882352941,0.05970149253731343,69.0,6.0,460.0
460,0.44329896907216493,0.046875,0.0,97.0,3.0,461.0
461,0.5625,0.16666666666666666,0.0967741935483871,64.0,11.0,462.0
462,0.481981981981982,0.08181818181818182,0.013761467889908258,111.0,13.0,463.0
463,0.5514018691588785,0.12735849056603774,0.05238095238095238,107.0,5.0,464.0
464,0.4666666666666667,0.017241379310344827,0.0,30.0,2.0,465.0
465,0.5175438596491229,0.11504424778761063,0.03125,114.0,13.0,466.0
466,0.49479166666666663,0.12631578947368421,0.0797872340425532,96.0,7.0,467.0
467,0.5652173913043479,0.16228070175438597,0.05752212389380531,115.0,16.0,468.0
468,0.59375,0.20634920634920634,0.11290322580645161,64.0,5.0,469.0
469,0.5142857142857142,0.16176470588235292,0.06060606060606061,35.0,2.0,470.0
470,0.391304347826087,0.049450549450549455,0.011111111111111112,92.0,8.0,471.0
471,0.47435897435897434,0.10526315789473684,0.013513513513513514,39.0,4.0,472.0
472,0.5506329113924051,0.15384615384615385,0.06493506493506493,79.0,7.0,473.0
473,0.4609375,0.0826771653543307,0.023809523809523808,128.0,11.0,474.0
474,0.5955882352941176,0.20149253731343283,0.09090909090909091,68.0,6.0,475.0
475,0.475,0.0707070707070707,0.01020408163265306,100.0,8.0,476.0
476,0.603448275862069,0.3130434782608696,0.2192982456140351,116.0,24.0,477.0
477,0.4871794871794872,0.11206896551724138,0.0391304347826087,117.0,6.0,478.0
478,0.6287878787878788,0.23076923076923078,0.171875,66.0,12.0,479.0
479,0.5454545454545454,0.17346938775510204,0.08762886597938144,99.0,6.0,480.0
480,0.5432098765432098,0.1125,0.03164556962025317,81.0,5.0,481.0
481,0.625,0.06666666666666667,0.0,16.0,2.0,482.0
482,0.5561224489795918,0.14432989690721648,0.08333333333333333,98.0,13.0,483.0
483,0.4942528735632184,0.12790697674418605,0.052941176470588235,87.0,5.0,484.0
484,0.5285714285714286,0.15217391304347827,0.03676470588235294,70.0,3.0,485.0
485,0.5384615384615385,0.20689655172413796,0.11304347826086958,117.0,12.0,486.0
486,0.5410958904109588,0.1388888888888889,0.07042253521126761,73.0,13.0,487.0
487,0.5042016806722689,0.11440677966101695,0.038461538461538464,119.0,5.0,488.0
488,0.4318181818181818,0.07692307692307693,0.0,66.0,2.0,489.0
489,0.5465116279069768,0.11764705882352941,0.05357142857142857,86.0,13.0,490.0
490,0.5416666666666667,0.11971830985915494,0.02142857142857143,72.0,11.0,491.0
491,0.45714285714285713,0.057692307692307696,0.0048543689320388345,105.0,10.0,492.0
492,0.5548780487804879,0.1419753086419753,0.03125,82.0,5.0,493.0
493,0.5189873417721519,0.08974358974358974,0.05194805194805195,79.0,9.0,494.0
494,0.5093457943925234,0.19339622641509435,0.10952380952380952,107.0,11.0,495.0
495,0.35714285714285715,0.018518518518518517,0.0,28.0,1.0,496.0
496,0.3333333333333333,0.0,0.0,6.0,1.0,497.0
497,0.5555555555555556,0.14788732394366197,0.12142857142857141,72.0,9.0,498.0
498,0.5055555555555555,0.16853932584269662,0.07954545454545454,90.0,7.0,499.0
499,0.6686046511627908,0.27647058823529413,0.1488095238095238,86.0,8.0,500.0
500,0.6363636363636364,0.14285714285714285,0.025,22.0,3.0,501.0
501,0.40104166666666663,0.07894736842105263,0.015957446808510637,96.0,5.0,502.0
502,0.4801980198019802,0.1,0.020202020202020204,101.0,13.0,503.0
503,0.47709923664122134,0.06923076923076923,0.007751937984496124,131.0,4.0,504.0
504,0.6052631578947368,0.14893617021276595,0.05913978494623656,95.0,6.0,505.0
505,0.5126582278481013,0.10256410256410256,0.025974025974025976,79.0,3.0,506.0
506,0.4931506849315068,0.06944444444444445,0.02112676056338028,73.0,11.0,507.0
507,0.5384615384615384,0.1015625,0.031746031746031744,65.0,11.0,508.0
508,0.5103092783505154,0.11979166666666666,0.042105263157894736,97.0,12.0,509.0
509,0.6363636363636364,0.12790697674418605,0.047619047619047616,44.0,4.0,510.0
510,0.4625,0.056962025316455694,0.01282051282051282,80.0,21.0,511.0
511,0.41346153846153844,0.06310679611650485,0.004901960784313725,104.0,7.0,512.0
512,0.6037735849056604,0.17307692307692307,0.06862745098039216,53.0,12.0,513.0
513,0.4,0.0,0.0,10.0,1.0,514.0
514,0.0,0.0,0.0,3.0,0.0,515.0
515,0.48484848484848486,0.1326530612244898,0.05670103092783505,99.0,13.0,516.0
516,0.5882352941176471,0.09375,0.0,17.0,4.0,517.0
517,0.5921052631578947,0.13513513513513514,0.013888888888888888,38.0,2.0,518.0
518,0.3333333333333333,0.0,0.0,3.0,3.0,519.0
519,0.5,0.0851063829787234,0.06521739130434782,48.0,9.0,520.0
520,0.0,0.0,0.0,1.0,0.0,521.0
521,0.45270270270270274,0.0684931506849315,0.013888888888888888,74.0,2.0,522.0
522,0.53,0.24747474747474746,0.14285714285714285,100.0,11.0,523.0
523,0.48514851485148514,0.15000000000000002,0.0707070707070707,101.0,7.0,524.0
524,0.45967741935483875,0.12295081967213115,0.041666666666666664,62.0,5.0,525.0
525,0.5535714285714286,0.21171171171171171,0.13636363636363635,112.0,12.0,526.0
526,0.5590551181102362,0.18253968253968253,0.08,127.0,7.0,527.0
527,0.40909090909090906,0.037037037037037035,0.0,55.0,3.0,528.0
528,0.39655172413793105,0.0,0.0,29.0,3.0,529.0
529,0.5219780219780219,0.16111111111111112,0.12359550561797752,91.0,22.0,530.0
530,0.4583333333333333,0.10843373493975904,0.036585365853658534,84.0,6.0,531.0
531,0.5685483870967742,0.19105691056910568,0.13114754098360656,124.0,10.0,532.0
532,0.39877300613496935,0.07407407407407407,0.021739130434782608,163.0,11.0,533.0
533,0.3269230769230769,0.03488372093023256,0.00390625,130.0,8.0,534.0
534,0.5,0.17083333333333334,0.10084033613445378,121.0,12.0,535.0
535,0.39492753623188404,0.051094890510948905,0.01838235294117647,138.0,5.0,536.0
536,0.4715447154471545,0.10245901639344263,0.02066115702479339,123.0,5.0,537.0
537,0.5597014925373135,0.2593984962406015,0.18181818181818182,134.0,20.0,538.0
538,0.6428571428571428,0.10294117647058823,0.045454545454545456,35.0,5.0,539.0
539,0.5260869565217392,0.14912280701754385,0.048672566371681415,115.0,10.0,540.0
540,0.48684210526315785,0.13716814159292035,0.05803571428571429,114.0,7.0,541.0
541,0.5140845070422535,0.18439716312056736,0.12857142857142856,142.0,14.0,542.0
542,0.4394904458598726,0.14423076923076922,0.07419354838709677,157.0,24.0,543.0
543,0.44690265486725667,0.09375,0.04504504504504504,113.0,11.0,544.0
544,0.48275862068965514,0.22569444444444445,0.15734265734265734,145.0,15.0,545.0
545,0.5,0.09803921568627452,0.04455445544554456,103.0,8.0,546.0
546,0.48611111111111105,0.07746478873239436,0.02142857142857143,72.0,3.0,547.0
547,0.39361702127659576,0.016129032258064516,0.005434782608695652,94.0,3.0,548.0
548,0.4484126984126984,0.144,0.08467741935483872,126.0,11.0,549.0
549,0.5084745762711864,0.09829059829059829,0.01293103448275862,118.0,6.0,550.0
550,0.5,0.09333333333333334,0.02027027027027027,76.0,4.0,551.0
551,0.4267241379310345,0.06521739130434782,0.0,116.0,9.0,552.0
552,0.5,0.0,0.0,2.0,1.0,553.0
553,0.5445544554455446,0.15500000000000003,0.07070707070707072,101.0,12.0,554.0
554,0.4881889763779527,0.15079365079365079,0.07999999999999999,127.0,14.0,555.0
555,0.5590551181102362,0.2103174603174603,0.108,127.0,11.0,556.0
556,0.65,0.30612244897959184,0.21875,50.0,7.0,557.0
557,0.5168539325842696,0.11363636363636365,0.040229885057471264,89.0,4.0,558.0
558,0.5194805194805194,0.09868421052631579,0.02,77.0,5.0,559.0
559,0.3849206349206349,0.036000000000000004,0.004032258064516129,126.0,7.0,560.0
560,0.47549019607843135,0.09900990099009901,0.02,102.0,4.0,561.0
561,0.5208333333333333,0.11702127659574468,0.010869565217391304,48.0,3.0,562.0
562,0.4369747899159664,0.0847457627118644,0.02564102564102564,119.0,4.0,563.0
563,0.5375,0.18907563025210083,0.11440677966101695,120.0,14.0,564.0
564,0.5,0.12650602409638556,0.06097560975609756,84.0,11.0,565.0
565,0.46099290780141844,0.12857142857142856,0.04316546762589928,141.0,6.0,566.0
566,0.5092592592592593,0.10747663551401868,0.04245283018867924,108.0,6.0,567.0
567,0.6283783783783784,0.26712328767123283,0.16666666666666666,74.0,8.0,568.0
568,0.3832116788321168,0.0625,0.007407407407407408,137.0,11.0,569.0
569,0.47706422018348627,0.1527777777777778,0.08878504672897196,109.0,9.0,570.0
570,0.3382352941176471,0.018518518518518517,0.0,136.0,2.0,571.0
571,0.5294117647058824,0.15346534653465346,0.085,102.0,12.0,572.0
572,0.45,0.06962025316455697,0.019230769230769232,80.0,7.0,573.0
573,0.4910714285714286,0.12612612612612611,0.03636363636363636,112.0,7.0,574.0
574,0.41503267973856206,0.09868421052631579,0.029801324503311258,153.0,7.0,575.0
575,0.5,0.075,0.0,61.0,5.0,576.0
576,0.5,0.0,0.0,2.0,1.0,577.0
577,0.4780701754385965,0.07079646017699115,0.004464285714285714,114.0,4.0,578.0
578,0.4386792452830189,0.10476190476190475,0.04326923076923077,106.0,6.0,579.0
579,0.5249999999999999,0.11538461538461539,0.013157894736842105,40.0,3.0,580.0
580,0.4387755102040816,0.10824742268041236,0.04166666666666667,98.0,6.0,581.0
581,0.4782608695652174,0.10583941605839416,0.022058823529411763,138.0,5.0,582.0
582,0.3933823529411765,0.044444444444444446,0.0037313432835820895,136.0,13.0,583.0
583,0.5902777777777778,0.1408450704225352,0.02857142857142857,72.0,13.0,584.0
584,0.5442477876106194,0.2142857142857143,0.15315315315315314,113.0,21.0,585.0
585,0.5,0.11184210526315788,0.06666666666666667,77.0,12.0,586.0
586,0.5,0.14485981308411214,0.06132075471698113,108.0,9.0,587.0
587,0.46354166666666663,0.10526315789473684,0.02659574468085106,96.0,8.0,588.0
588,0.4933774834437086,0.18666666666666665,0.11409395973154363,151.0,12.0,589.0
589,0.4462809917355372,0.12083333333333332,0.07142857142857142,121.0,11.0,590.0
590,0.5964285714285714,0.3453237410071942,0.2898550724637681,140.0,26.0,591.0
591,0.468,0.125,0.06504065040650406,125.0,10.0,592.0
592,0.5539568345323741,0.21014492753623187,0.10583941605839417,139.0,13.0,593.0
593,0.5340909090909091,0.24857142857142855,0.1810344827586207,176.0,13.0,594.0
594,0.366412213740458,0.05384615384615385,0.015503875968992248,131.0,4.0,595.0
595,0.48660714285714285,0.08558558558558559,0.022727272727272728,112.0,5.0,596.0
596,0.6169354838709677,0.33739837398373984,0.2540983606557377,124.0,18.0,597.0
597,0.6190476190476191,0.25,0.10655737704918032,63.0,5.0,598.0
598,0.41724137931034483,0.1388888888888889,0.07692307692307693,145.0,12.0,599.0
599,0.5328947368421052,0.25165562913907286,0.16666666666666669,152.0,16.0,600.0
600,0.4652777777777778,0.1118881118881119,0.03169014084507042,144.0,8.0,601.0
601,0.5724137931034483,0.35416666666666663,0.3146853146853147,145.0,27.0,602.0
602,0.4714285714285714,0.07194244604316546,0.018115942028985508,140.0,11.0,603.0
603,0.4285714285714286,0.07627118644067796,0.0,119.0,2.0,604.0
604,0.35433070866141736,0.03571428571428571,0.0,127.0,3.0,605.0
605,0.48639455782312924,0.16095890410958902,0.06206896551724138,147.0,11.0,606.0
606,0.40756302521008403,0.06779661016949153,0.008547008547008548,119.0,7.0,607.0
607,0.4195804195804196,0.08098591549295775,0.017730496453900707,143.0,6.0,608.0
608,0.39655172413793105,0.04782608695652174,0.0043859649122807015,116.0,3.0,609.0
609,0.5183823529411764,0.15185185185185185,0.07835820895522388,136.0,6.0,610.0
610,0.5860215053763441,0.27717391304347827,0.2087912087912088,93.0,13.0,611.0
611,0.46153846153846156,0.0970873786407767,0.044117647058823525,104.0,19.0,612.0
612,0.5980392156862746,0.12376237623762376,0.04,102.0,8.0,613.0
613,0.4716312056737589,0.08214285714285714,0.03597122302158273,141.0,10.0,614.0
614,0.5138888888888888,0.13551401869158877,0.0660377358490566,108.0,12.0,615.0
615,0.526595744680851,0.2043010752688172,0.10869565217391305,94.0,13.0,616.0
616,0.4357798165137615,0.05555555555555555,0.018691588785046728,109.0,4.0,617.0
617,0.5681818181818181,0.23563218390804597,0.1744186046511628,88.0,13.0,618.0
618,0.5,0.0,0.0,2.0,0.0,619.0
619,0.5572916666666666,0.14210526315789473,0.03723404255319149,96.0,5.0,620.0
620,0.48514851485148514,0.08499999999999999,0.015151515151515152,101.0,13.0,621.0
621,0.5657894736842106,0.12,0.02702702702702703,76.0,6.0,622.0
622,0.45544554455445546,0.05500000000000001,0.0,101.0,8.0,623.0
623,0.5303030303030303,0.10714285714285714,0.041237113402061855,99.0,8.0,624.0
624,0.4567901234567901,0.13125,0.02531645569620253,81.0,5.0,625.0
625,0.411214953271028,0.08490566037735849,0.03333333333333333,107.0,7.0,626.0
626,0.5471698113207547,0.16346153846153846,0.06862745098039216,53.0,11.0,627.0
627,0.4629629629629629,0.1125,0.012658227848101266,81.0,3.0,628.0
628,0.4666666666666667,0.03389830508474576,0.0,60.0,5.0,629.0
629,0.47391304347826085,0.20614035087719298,0.16814159292035397,115.0,24.0,630.0
630,0.33490566037735847,0.02857142857142857,0.004807692307692308,106.0,3.0,631.0
631,0.49090909090909085,0.12037037037037036,0.03773584905660377,55.0,6.0,632.0
632,0.4807692307692308,0.06589147286821706,0.00390625,130.0,6.0,633.0
633,0.4896907216494845,0.09375,0.031578947368421054,97.0,4.0,634.0
634,0.4175824175824176,0.06666666666666667,0.016853932584269662,91.0,8.0,635.0
635,0.5800000000000001,0.2777777777777778,0.2142857142857143,100.0,8.0,636.0
636,0.532258064516129,0.11666666666666667,0.06896551724137931,31.0,6.0,637.0
637,0.45323741007194246,0.10144927536231885,0.040145985401459854,139.0,14.0,638.0
638,0.625,0.1368421052631579,0.02127659574468085,96.0,5.0,639.0
639,0.45483870967741935,0.08116883116883117,0.013071895424836602,155.0,7.0,640.0
640,0.4606741573033708,0.11931818181818182,0.06321839080459771,89.0,10.0,641.0
641,0.48245614035087714,0.08849557522123894,0.03125,114.0,4.0,642.0
642,0.40804597701149425,0.029069767441860465,0.0,87.0,3.0,643.0
643,0.5109489051094891,0.14338235294117646,0.04814814814814815,137.0,6.0,644.0
644,0.5643564356435644,0.12,0.045454545454545456,101.0,5.0,645.0
645,0.5123456790123456,0.1125,0.06329113924050633,81.0,13.0,646.0
646,0.0,0.0,0.0,1.0,0.0,647.0
647,0.48125,0.05063291139240506,0.00641025641025641,80.0,4.0,648.0
648,0.5166666666666666,0.14285714285714285,0.03813559322033898,120.0,4.0,649.0
649,0.288135593220339,0.012820512820512822,0.0,118.0,6.0,650.0
650,0.46825396825396826,0.164,0.08870967741935484,126.0,12.0,651.0
651,0.47887323943661975,0.1524822695035461,0.06428571428571428,142.0,5.0,652.0
652,0.5521739130434783,0.13157894736842105,0.035398230088495575,115.0,8.0,653.0
653,0.39603960396039606,0.065,0.010101010101010102,101.0,5.0,654.0
654,0.48684210526315785,0.11061946902654868,0.03571428571428571,114.0,6.0,655.0
655,0.421875,0.06299212598425197,0.011904761904761904,128.0,7.0,656.0
656,0.4536082474226804,0.046875,0.0,97.0,10.0,657.0
657,0.404,0.06048387096774194,0.012195121951219513,125.0,7.0,658.0
658,0.42803030303030304,0.12213740458015268,0.06923076923076923,132.0,10.0,659.0
659,0.4489795918367347,0.08333333333333334,0.031914893617021274,49.0,4.0,660.0
660,0.5158730158730158,0.176,0.13306451612903225,126.0,13.0,661.0
661,0.5591397849462365,0.266304347826087,0.22527472527472528,93.0,13.0,662.0
662,0.3190184049079755,0.033950617283950615,0.003105590062111801,163.0,3.0,663.0
663,0.54375,0.06329113924050633,0.01282051282051282,80.0,4.0,664.0
664,0.44308943089430897,0.0778688524590164,0.012396694214876033,123.0,5.0,665.0
665,0.4915254237288136,0.18376068376068377,0.12931034482758622,118.0,11.0,666.0
666,0.46564885496183206,0.08076923076923077,0.011627906976744186,131.0,4.0,667.0
667,0.47863247863247865,0.15948275862068967,0.06521739130434782,117.0,7.0,668.0
668,0.6588235294117647,0.2857142857142857,0.1686746987951807,85.0,10.0,669.0
669,0.5093457943925233,0.12264150943396226,0.03333333333333333,107.0,6.0,670.0
670,0.45270270270270274,0.1292517006802721,0.06164383561643835,148.0,12.0,671.0
671,0.43162393162393164,0.08189655172413793,0.013043478260869566,117.0,3.0,672.0
672,0.5504201680672269,0.2542372881355932,0.20085470085470086,119.0,13.0,673.0
673,0.5197368421052632,0.1357615894039735,0.05,152.0,13.0,674.0
674,0.4766355140186916,0.10849056603773585,0.0380952380952381,107.0,6.0,675.0
675,0.39603960396039606,0.04,0.010101010101010102,101.0,3.0,676.0
676,0.5648148148148149,0.018867924528301886,0.0,54.0,5.0,677.0
677,0.4117647058823529,0.03125,0.0,17.0,2.0,678.0
678,0.5106382978723405,0.010869565217391304,0.0,47.0,2.0,679.0
679,0.45121951219512196,0.037500000000000006,0.0,41.0,3.0,680.0
680,0.0,0.0,0.0,3.0,1.0,681.0
681,0.38829787234042556,0.04838709677419355,0.0,93.0,2.0,682.0
682,0.5068493150684932,0.0625,0.014084507042253521,73.0,4.0,683.0
683,0.45985401459854014,0.10661764705882354,0.05185185185185185,137.0,7.0,684.0
684,0.35294117647058826,0.014925373134328358,0.0,68.0,2.0,685.0
685,0.5,0.0,0.0,4.0,1.0,686.0
686,0.4875,0.07692307692307693,0.039473684210526314,39.0,17.0,687.0
687,0.5688073394495412,0.18518518518518517,0.13551401869158877,109.0,16.0,688.0
688,0.4166666666666667,0.06870229007633588,0.011538461538461539,132.0,6.0,689.0
689,0.5443037974683544,0.09615384615384615,0.01948051948051948,78.0,7.0,690.0
690,0.4375,0.13963963963963966,0.08636363636363636,112.0,11.0,691.0
691,0.4526315789473684,0.07446808510638298,0.005376344086021506,94.0,7.0,692.0
692,0.43975903614457834,0.08536585365853659,0.024691358024691357,81.0,9.0,693.0
693,0.5352941176470588,0.17857142857142858,0.0783132530120482,85.0,11.0,694.0
694,0.36153846153846153,0.04263565891472868,0.0078125,130.0,8.0,695.0
695,0.5517241379310345,0.13157894736842105,0.026785714285714284,58.0,6.0,696.0
696,0.551948051948052,0.125,0.06666666666666667,77.0,11.0,697.0
697,0.4605263157894737,0.04666666666666667,0.0,76.0,11.0,698.0
698,0.37244897959183676,0.041237113402061855,0.0,98.0,11.0,699.0
699,0.4882352941176471,0.05952380952380952,0.018072289156626505,84.0,9.0,700.0
700,0.43506493506493504,0.06578947368421052,0.006666666666666667,77.0,8.0,701.0
701,0.3333333333333333,0.017241379310344827,0.0,30.0,2.0,702.0
702,0.4461538461538462,0.0546875,0.007936507936507936,65.0,6.0,703.0
703,0.625,0.0,0.0,4.0,1.0,704.0
704,0.875,0.5909090909090909,0.5,12.0,10.0,705.0
705,0.5652173913043479,0.2,0.11363636363636365,46.0,18.0,706.0
706,0.5423728813559322,0.05172413793103448,0.0,59.0,2.0,707.0
707,0.4024390243902439,0.037037037037037035,0.0,82.0,2.0,708.0
708,0.275,0.0,0.0,40.0,3.0,709.0
709,0.38732394366197187,0.05714285714285714,0.021739130434782608,71.0,13.0,710.0
710,0.4691358024691358,0.0375,0.006329113924050633,81.0,20.0,711.0
711,0.4883720930232558,0.03571428571428571,0.0,43.0,2.0,712.0
712,0.3793103448275862,0.05357142857142857,0.0,29.0,2.0,713.0
713,0.47368421052631576,0.02702702702702703,0.0,38.0,6.0,714.0
714,0.4666666666666667,0.056818181818181816,0.0,45.0,2.0,715.0
715,0.5384615384615384,0.17647058823529413,0.12000000000000001,52.0,9.0,716.0
716,0.5,0.14130434782608697,0.06043956043956045,93.0,5.0,717.0
717,0.5266666666666667,0.19594594594594594,0.13013698630136986,75.0,23.0,718.0
718,0.4174311926605505,0.041666666666666664,0.0,109.0,3.0,719.0
719,0.4605263157894737,0.05333333333333333,0.006756756756756757,76.0,3.0,720.0
720,0.5133333333333334,0.05405405405405406,0.0,75.0,11.0,721.0
721,0.6,0.26146788990825687,0.19907407407407407,110.0,14.0,722.0
722,0.510752688172043,0.15760869565217392,0.08241758241758242,93.0,12.0,723.0
723,0.6534090909090909,0.16666666666666669,0.046511627906976744,88.0,13.0,724.0
724,0.5181818181818182,0.06481481481481481,0.02830188679245283,55.0,5.0,725.0
725,0.4294117647058824,0.03571428571428571,0.0,85.0,5.0,726.0
726,0.41216216216216217,0.00684931506849315,0.0,74.0,10.0,727.0
727,0.5634920634920635,0.08870967741935484,0.0,63.0,2.0,728.0
728,0.5638297872340425,0.05434782608695652,0.0,47.0,2.0,729.0
729,0.48936170212765956,0.06521739130434782,0.011111111111111112,47.0,3.0,730.0
730,0.4607843137254902,0.08,0.05102040816326531,51.0,4.0,731.0
731,0.5480769230769231,0.19607843137254902,0.16,52.0,10.0,732.0
732,0.3023255813953488,0.047619047619047616,0.0,43.0,2.0,733.0
733,0.4810126582278481,0.10897435897435898,0.01948051948051948,79.0,5.0,734.0
734,0.5806451612903226,0.10655737704918034,0.03333333333333333,62.0,7.0,735.0
735,0.375,0.06666666666666667,0.0,16.0,4.0,736.0
736,0.5,0.125,0.0,21.0,2.0,737.0
737,0.7,0.38888888888888884,0.25,10.0,5.0,738.0
738,0.5681818181818181,0.0,0.0,22.0,4.0,739.0
739,0.48333333333333334,0.034482758620689655,0.0,30.0,2.0,740.0
740,0.4476744186046512,0.06470588235294117,0.005952380952380952,86.0,5.0,741.0
741,0.5746268656716418,0.18181818181818182,0.08461538461538462,67.0,9.0,742.0
742,0.4381443298969072,0.08854166666666667,0.021052631578947368,97.0,4.0,743.0
743,0.5294117647058824,0.1488095238095238,0.03614457831325301,85.0,5.0,744.0
744,0.52,0.0625,0.0,25.0,2.0,745.0
745,0.4519230769230769,0.0196078431372549,0.0,52.0,4.0,746.0
746,0.427536231884058,0.10294117647058823,0.05223880597014925,69.0,5.0,747.0
747,0.631578947368421,0.1388888888888889,0.029411764705882353,19.0,2.0,748.0
748,0.5625,0.10638297872340424,0.03260869565217391,48.0,4.0,749.0
749,0.7407407407407407,0.3653846153846154,0.24000000000000002,27.0,7.0,750.0
750,0.3157894736842105,0.03571428571428571,0.00909090909090909,57.0,3.0,751.0
751,0.47685185185185186,0.102803738317757,0.0660377358490566,108.0,13.0,752.0
752,0.44017094017094016,0.09482758620689655,0.017391304347826087,117.0,11.0,753.0
753,0.45270270270270274,0.03424657534246575,0.0,74.0,16.0,754.0
754,0.46825396825396826,0.07258064516129031,0.01639344262295082,63.0,8.0,755.0
755,0.4649122807017544,0.08928571428571429,0.03636363636363636,57.0,7.0,756.0
756,0.5793650793650793,0.11290322580645161,0.02459016393442623,63.0,3.0,757.0
757,0.40714285714285714,0.057971014492753624,0.022058823529411766,70.0,4.0,758.0
758,0.6594202898550725,0.18382352941176472,0.05970149253731343,69.0,6.0,759.0
759,0.48717948717948717,0.08441558441558442,0.02631578947368421,78.0,4.0,760.0
760,0.4263157894736842,0.047872340425531915,0.005376344086021506,95.0,6.0,761.0
761,0.519047619047619,0.21634615384615383,0.14563106796116504,105.0,35.0,762.0
762,0.5864197530864197,0.175,0.0949367088607595,81.0,8.0,763.0
763,0.44907407407407407,0.11214953271028036,0.051886792452830184,108.0,13.0,764.0
764,0.5714285714285714,0.34444444444444444,0.3033707865168539,91.0,26.0,765.0
765,0.6521739130434783,0.26666666666666666,0.18181818181818182,46.0,7.0,766.0
766,0.39204545454545453,0.06321839080459771,0.029069767441860465,88.0,16.0,767.0
767,0.5723684210526316,0.22666666666666666,0.13513513513513514,76.0,11.0,768.0
768,0.4731182795698925,0.07065217391304347,0.016483516483516484,93.0,5.0,769.0
769,0.5101010101010102,0.09693877551020408,0.041237113402061855,99.0,15.0,770.0
770,0.38020833333333337,0.07894736842105263,0.02127659574468085,96.0,6.0,771.0
771,0.5,0.19915254237288135,0.13675213675213677,119.0,12.0,772.0
772,0.4819277108433735,0.12804878048780488,0.08024691358024691,83.0,9.0,773.0
773,0.6599999999999999,0.17346938775510204,0.05208333333333333,50.0,4.0,774.0
774,0.6428571428571428,0.24074074074074073,0.09615384615384616,28.0,7.0,775.0
775,0.5192307692307693,0.21568627450980393,0.18,52.0,20.0,776.0
776,0.42803030303030304,0.09923664122137404,0.04230769230769231,132.0,10.0,777.0
777,0.4568965517241379,0.06140350877192982,0.017857142857142856,58.0,7.0,778.0
778,0.5288461538461539,0.058823529411764705,0.0,52.0,13.0,779.0
779,0.4782608695652174,0.022222222222222223,0.0,46.0,2.0,780.0
780,0.4915254237288136,0.15517241379310345,0.11403508771929824,59.0,10.0,781.0
781,0.4587628865979381,0.125,0.07894736842105263,97.0,12.0,782.0
782,0.4068627450980392,0.09900990099009901,0.015,102.0,4.0,783.0
783,0.7102272727272727,0.3908045977011494,0.27906976744186046,88.0,16.0,784.0
784,0.5526315789473684,0.1517857142857143,0.03636363636363636,57.0,4.0,785.0
785,0.6046511627906976,0.2142857142857143,0.0975609756097561,43.0,10.0,786.0
786,0.64375,0.2911392405063291,0.1474358974358974,80.0,11.0,787.0
787,0.5192307692307692,0.0784313725490196,0.04,52.0,5.0,788.0
788,0.4829059829059829,0.15948275862068967,0.07391304347826087,117.0,11.0,789.0
789,0.56,0.20945945945945946,0.1095890410958904,75.0,7.0,790.0
790,0.673469387755102,0.20833333333333331,0.09574468085106383,49.0,9.0,791.0
791,0.5,0.05555555555555556,0.022727272727272728,46.0,4.0,792.0
792,0.34905660377358494,0.028846153846153848,0.0,53.0,6.0,793.0
793,0.585,0.33333333333333337,0.28061224489795916,100.0,19.0,794.0
794,0.5254237288135594,0.12068965517241378,0.05263157894736842,59.0,5.0,795.0
795,0.46153846153846156,0.1,0.041666666666666664,26.0,3.0,796.0
796,0.5508474576271186,0.1724137931034483,0.07894736842105263,59.0,17.0,797.0
797,0.43243243243243246,0.0684931506849315,0.034722222222222224,74.0,13.0,798.0
798,0.32558139534883723,0.0,0.0,86.0,2.0,799.0
799,0.49642857142857144,0.2158273381294964,0.13768115942028986,140.0,19.0,800.0
800,0.5343137254901961,0.08415841584158415,0.015,102.0,3.0,801.0
801,0.4565217391304348,0.07352941176470588,0.029850746268656716,69.0,8.0,802.0
802,0.75,0.5,0.4125,42.0,9.0,803.0
803,0.5590551181102362,0.25396825396825395,0.16399999999999998,127.0,15.0,804.0
804,0.625,0.4227642276422764,0.3401639344262295,124.0,17.0,805.0
805,0.3740740740740741,0.0708955223880597,0.02631578947368421,135.0,6.0,806.0
806,0.43119266055045874,0.05555555555555555,0.014018691588785047,109.0,13.0,807.0
807,0.4398496240601504,0.13257575757575757,0.08015267175572519,133.0,10.0,808.0
808,0.4927536231884058,0.22627737226277372,0.16544117647058826,138.0,10.0,809.0
809,0.46511627906976744,0.109375,0.06692913385826771,129.0,9.0,810.0
810,0.37850467289719625,0.03773584905660378,0.009523809523809525,107.0,6.0,811.0
811,0.4558823529411765,0.14444444444444443,0.07462686567164178,136.0,12.0,812.0
812,0.44491525423728817,0.05128205128205129,0.01293103448275862,118.0,4.0,813.0
813,0.525,0.15822784810126583,0.08333333333333333,80.0,6.0,814.0
814,0.4375,0.09602649006622516,0.026666666666666665,152.0,11.0,815.0
815,0.35169491525423724,0.04700854700854701,0.01293103448275862,118.0,3.0,816.0
816,0.4882352941176471,0.13690476190476192,0.03614457831325301,85.0,7.0,817.0
817,0.3625,0.02531645569620253,0.00641025641025641,80.0,6.0,818.0
818,0.47692307692307695,0.03125,0.015873015873015872,65.0,4.0,819.0
819,0.43478260869565216,0.05555555555555555,0.022727272727272728,46.0,3.0,820.0
820,0.41666666666666663,0.076,0.012096774193548387,126.0,4.0,821.0
821,0.568,0.1975806451612903,0.08943089430894309,125.0,7.0,822.0
822,0.6052631578947368,0.24324324324324326,0.1388888888888889,38.0,12.0,823.0
823,0.4627659574468085,0.08064516129032258,0.016304347826086956,94.0,4.0,824.0
824,0.6219512195121951,0.22499999999999998,0.05128205128205128,41.0,5.0,825.0
825,0.45625000000000004,0.056962025316455694,0.01282051282051282,80.0,9.0,826.0
826,0.4276315789473684,0.1291390728476821,0.08666666666666667,152.0,21.0,827.0
827,0.4144144144144144,0.06363636363636363,0.013761467889908258,111.0,10.0,828.0
828,0.45599999999999996,0.10483870967741934,0.044715447154471545,125.0,13.0,829.0
829,0.4174311926605505,0.06481481481481481,0.014018691588785045,109.0,10.0,830.0
830,0.48846153846153845,0.1821705426356589,0.10546875,130.0,14.0,831.0
831,0.368421052631579,0.026595744680851064,0.016129032258064516,95.0,5.0,832.0
832,0.5510204081632653,0.3424657534246575,0.28620689655172415,147.0,18.0,833.0
833,0.5,0.11428571428571428,0.050724637681159424,71.0,8.0,834.0
834,0.42142857142857143,0.08273381294964029,0.018115942028985508,140.0,5.0,835.0
835,0.5551181102362205,0.1984126984126984,0.064,127.0,6.0,836.0
836,0.37244897959183676,0.03608247422680412,0.010416666666666666,98.0,8.0,837.0
837,0.5069444444444444,0.26573426573426573,0.2147887323943662,144.0,28.0,838.0
838,0.444,0.06048387096774194,0.016260162601626018,125.0,7.0,839.0
839,0.4642857142857143,0.10843373493975904,0.024390243902439025,84.0,6.0,840.0
840,0.3217821782178218,0.01,0.0,101.0,8.0,841.0
841,0.5517241379310345,0.11403508771929824,0.03571428571428571,58.0,4.0,842.0
842,0.6842105263157895,0.1388888888888889,0.058823529411764705,19.0,3.0,843.0
843,0.4304347826086956,0.08333333333333333,0.022123893805309734,115.0,6.0,844.0
844,0.43790849673202614,0.1907894736842105,0.1456953642384106,153.0,14.0,845.0
845,0.4035714285714286,0.10071942446043165,0.043478260869565216,140.0,9.0,846.0
846,0.35034013605442177,0.04794520547945205,0.0034482758620689655,147.0,3.0,847.0
847,0.40222222222222226,0.22098214285714285,0.16591928251121077,225.0,19.0,848.0
848,0.33582089552238803,0.03383458646616541,0.011363636363636364,134.0,23.0,849.0
849,0.41666666666666663,0.03658536585365854,0.0,42.0,10.0,850.0
850,0.33870967741935487,0.016666666666666666,0.0,31.0,2.0,851.0
851,0.4666666666666667,0.0,0.0,15.0,4.0,852.0
852,0.5368421052631579,0.1223404255319149,0.06989247311827956,95.0,7.0,853.0
853,0.48863636363636365,0.10465116279069767,0.047619047619047616,44.0,13.0,854.0
854,0.5211267605633803,0.19285714285714284,0.12318840579710146,71.0,13.0,855.0
855,0.5254237288135593,0.15517241379310345,0.06140350877192982,59.0,7.0,856.0
856,0.34545454545454546,0.037037037037037035,0.018867924528301886,55.0,6.0,857.0
857,0.5267857142857143,0.0,0.0,56.0,4.0,858.0
858,0.4148936170212766,0.06451612903225806,0.016304347826086956,94.0,10.0,859.0
859,0.6147540983606556,0.2916666666666667,0.1864406779661017,61.0,6.0,860.0
860,0.40625,0.0379746835443038,0.00641025641025641,80.0,4.0,861.0
861,0.6607142857142857,0.3909090909090909,0.31481481481481477,56.0,16.0,862.0
862,0.3833333333333333,0.025423728813559324,0.0,60.0,4.0,863.0
863,0.3928571428571429,0.021739130434782608,0.0,70.0,6.0,864.0
864,0.45714285714285713,0.07352941176470588,0.045454545454545456,35.0,2.0,865.0
865,0.44148936170212766,0.08602150537634409,0.021739130434782608,94.0,12.0,866.0
866,0.35714285714285715,0.032,0.0,126.0,11.0,867.0
867,0.4727891156462585,0.1678082191780822,0.10689655172413794,147.0,12.0,868.0
868,0.45104895104895104,0.06338028169014084,0.021276595744680854,143.0,9.0,869.0
869,0.47272727272727266,0.14220183486238533,0.10185185185185186,110.0,11.0,870.0
870,0.5158730158730159,0.196,0.125,126.0,16.0,871.0
871,0.4476190476190476,0.15384615384615385,0.10194174757281553,105.0,13.0,872.0
872,0.41923076923076924,0.08527131782945736,0.046875,130.0,12.0,873.0
873,0.5441176470588235,0.12376237623762376,0.055,102.0,6.0,874.0
874,0.42920353982300885,0.06696428571428571,0.0,113.0,2.0,875.0
875,0.5223214285714286,0.1936936936936937,0.11818181818181817,112.0,9.0,876.0
876,0.3666666666666667,0.08955223880597016,0.045112781954887216,134.0,14.0,877.0
877,0.42168674698795183,0.04878048780487805,0.012345679012345678,83.0,7.0,878.0
878,0.4395973154362416,0.10810810810810811,0.05102040816326531,149.0,14.0,879.0
879,0.588235294117647,0.20149253731343283,0.13636363636363635,68.0,17.0,880.0
880,0.5118110236220472,0.24603174603174605,0.172,127.0,27.0,881.0
881,0.45774647887323944,0.05,0.014492753623188406,71.0,2.0,882.0
882,0.5615384615384615,0.18992248062015504,0.09765625,130.0,8.0,883.0
883,0.45270270270270274,0.18367346938775508,0.1095890410958904,148.0,8.0,884.0
884,0.505,0.15656565656565657,0.10204081632653061,100.0,13.0,885.0
885,0.7,0.0,0.0,5.0,2.0,886.0
886,0.5165289256198347,0.175,0.09243697478991597,121.0,7.0,887.0
887,0.4189189189189189,0.0410958904109589,0.0,74.0,3.0,888.0
888,0.5047619047619047,0.07692307692307693,0.019417475728155338,104.0,7.0,889.0
889,0.6770833333333333,0.19148936170212766,0.06521739130434782,48.0,6.0,890.0
890,0.45323741007194246,0.10144927536231885,0.0364963503649635,139.0,24.0,891.0
891,0.509090909090909,0.07407407407407407,0.018867924528301886,55.0,5.0,892.0
892,0.5967741935483871,0.13333333333333333,0.034482758620689655,31.0,3.0,893.0
893,0.6132075471698113,0.21153846153846156,0.08823529411764705,53.0,5.0,894.0
894,0.38636363636363635,0.06153846153846154,0.0078125,66.0,11.0,895.0
895,0.6333333333333333,0.3135593220338983,0.24137931034482757,59.0,16.0,896.0
896,0.4489795918367347,0.10416666666666666,0.05319148936170213,48.0,12.0,897.0
897,0.6038461538461539,0.3023255813953488,0.1953125,130.0,13.0,898.0
898,0.3987341772151899,0.03205128205128205,0.012987012987012988,79.0,3.0,899.0
899,0.38636363636363635,0.06153846153846154,0.0078125,66.0,7.0,900.0
900,0.5534591194968553,0.3322784810126582,0.2484076433121019,159.0,16.0,901.0
901,0.44711538461538464,0.07281553398058252,0.0392156862745098,104.0,8.0,902.0
902,0.6590909090909091,0.1744186046511628,0.0,44.0,2.0,903.0
903,0.43253968253968256,0.088,0.016129032258064516,126.0,16.0,904.0
904,0.6564625850340136,0.4383561643835616,0.36551724137931035,147.0,21.0,905.0
905,0.5931372549019608,0.32673267326732675,0.25,102.0,24.0,906.0
906,0.5487804878048781,0.15432098765432098,0.03125,82.0,3.0,907.0
907,0.4444444444444444,0.1048951048951049,0.045774647887323945,144.0,20.0,908.0
908,0.5274725274725275,0.15555555555555556,0.09550561797752809,91.0,12.0,909.0
909,0.5387596899224807,0.25,0.1968503937007874,129.0,27.0,910.0
910,0.6442307692307692,0.4368932038834952,0.37254901960784315,104.0,22.0,911.0
911,0.5277777777777777,0.16853932584269662,0.07954545454545454,90.0,13.0,912.0
912,0.5340909090909091,0.16091954022988508,0.0872093023255814,88.0,11.0,913.0
913,0.460431654676259,0.06521739130434782,0.021897810218978103,138.0,12.0,914.0
914,0.5402298850574713,0.18023255813953487,0.10588235294117647,87.0,11.0,915.0
915,0.5761904761904761,0.21153846153846154,0.13106796116504854,105.0,11.0,916.0
916,0.43023255813953487,0.09523809523809523,0.024390243902439025,43.0,3.0,917.0
917,0.4521739130434783,0.12280701754385964,0.04424778761061947,115.0,5.0,918.0
918,0.4191919191919192,0.061224489795918366,0.020618556701030927,99.0,13.0,919.0
919,0.46153846153846156,0.09375,0.023809523809523808,65.0,4.0,920.0
920,0.5327102803738317,0.14622641509433962,0.08095238095238096,107.0,11.0,921.0
921,0.46,0.02040816326530612,0.0,50.0,5.0,922.0
922,0.46511627906976744,0.09375,0.031496062992125984,129.0,7.0,923.0
923,0.39285714285714285,0.0783132530120482,0.012195121951219513,84.0,5.0,924.0
924,0.5203252032520325,0.1844262295081967,0.11983471074380166,123.0,11.0,925.0
925,0.40875912408759124,0.1213235294117647,0.08148148148148149,137.0,22.0,926.0
926,0.51,0.04081632653061224,0.010416666666666666,50.0,7.0,927.0
927,0.535,0.15656565656565657,0.03571428571428571,100.0,4.0,928.0
928,0.40816326530612246,0.08762886597938144,0.015625,98.0,5.0,929.0
929,0.35655737704918034,0.05371900826446281,0.008333333333333333,122.0,4.0,930.0
930,0.5490196078431373,0.16336633663366337,0.095,102.0,6.0,931.0
931,0.5686274509803921,0.08,0.04081632653061224,51.0,3.0,932.0
932,0.48484848484848486,0.10714285714285715,0.04639175257731959,98.0,8.0,933.0
933,0.5824175824175825,0.3111111111111111,0.2303370786516854,91.0,12.0,934.0
934,0.5138888888888888,0.16355140186915887,0.10377358490566038,108.0,8.0,935.0
935,0.532258064516129,0.22357723577235772,0.11885245901639345,124.0,15.0,936.0
936,0.4873949579831933,0.1906779661016949,0.14102564102564102,119.0,20.0,937.0
937,0.49586776859504134,0.16666666666666666,0.08403361344537816,121.0,16.0,938.0
938,0.4217391304347826,0.10964912280701754,0.030973451327433628,115.0,12.0,939.0
939,0.4444444444444444,0.07653061224489796,0.020618556701030927,99.0,13.0,940.0
940,0.3553719008264463,0.058333333333333334,0.01680672268907563,121.0,4.0,941.0
941,0.4830508474576271,0.14529914529914528,0.05172413793103448,118.0,9.0,942.0
942,0.4801587301587301,0.124,0.056451612903225805,126.0,12.0,943.0
943,0.35,0.022935779816513763,0.0,110.0,9.0,944.0
944,0.5492957746478873,0.3120567375886525,0.2714285714285714,142.0,24.0,945.0
945,0.39814814814814814,0.03773584905660377,0.009615384615384616,54.0,2.0,946.0
946,0.5384615384615385,0.08441558441558442,0.013157894736842105,77.0,6.0,947.0
947,0.45,0.06962025316455697,0.0,80.0,7.0,948.0
948,0.5375000000000001,0.189873417721519,0.10897435897435898,80.0,9.0,949.0
949,0.4427710843373494,0.18484848484848485,0.14329268292682928,166.0,42.0,950.0
950,0.5637254901960784,0.24257425742574257,0.125,102.0,10.0,951.0
951,0.6206896551724137,0.2807017543859649,0.17857142857142858,58.0,12.0,952.0
952,0.41860465116279066,0.078125,0.015748031496062992,129.0,17.0,953.0
953,0.6666666666666667,0.22727272727272727,0.05,12.0,7.0,954.0
954,0.3740740740740741,0.033582089552238806,0.0037593984962406013,135.0,10.0,955.0
955,0.49528301886792453,0.17142857142857143,0.11057692307692307,106.0,13.0,956.0
956,0.4051724137931034,0.03913043478260869,0.0,116.0,2.0,957.0
957,0.5314960629921259,0.2698412698412698,0.228,127.0,12.0,958.0
958,0.5112359550561798,0.17045454545454547,0.09770114942528735,89.0,9.0,959.0
959,0.4782608695652174,0.208029197080292,0.15073529411764705,138.0,12.0,960.0
960,0.5163043478260869,0.18131868131868134,0.06666666666666667,92.0,8.0,961.0
961,0.5101010101010102,0.15816326530612246,0.12371134020618557,99.0,15.0,962.0
962,0.5121951219512195,0.19135802469135801,0.15000000000000002,82.0,15.0,963.0
963,0.625,0.045454545454545456,0.0,12.0,11.0,964.0
964,0.4421052631578948,0.15425531914893617,0.11290322580645162,95.0,9.0,965.0
965,0.45985401459854014,0.09926470588235295,0.02222222222222222,137.0,8.0,966.0
966,0.514018691588785,0.09433962264150944,0.03333333333333333,107.0,6.0,967.0
967,0.5403225806451613,0.2195121951219512,0.18852459016393444,124.0,22.0,968.0
968,0.48484848484848486,0.05102040816326531,0.02577319587628866,99.0,6.0,969.0
969,0.4114583333333333,0.06315789473684211,0.010638297872340425,96.0,4.0,970.0
